{
  "macro_perm": [
    10.638999837767228,
    10.638998922492892
  ],
  "total_perm": [
    10.638999275860472,
    10.638998957586502
  ],
  "total_poro": 0.32255507960464014
}