{
  "perm": 10.638999116723486,
  "poro": 0.32157481474905314
}