{
  "macro_perm": [
    15.038820483641151,
    15.038820588038089
  ],
  "total_perm": [
    15.038820333086248,
    15.038820255108336
  ],
  "total_poro": 0.41294999556107953
}