{
  "perm": 15.038820294097292,
  "poro": 0.41174359463778426
}