{
  "macro_perm": [
    5.5309526101947055,
    5.530949685794112
  ],
  "total_perm": [
    5.530950238910615,
    5.530948931177221
  ],
  "total_poro": 0.17040275804924243
}