{
  "perm": 5.530949585043918,
  "poro": 0.16923291015625008
}