{
  "macro_perm": [
    23.29964861038038,
    23.29964408410209
  ],
  "total_perm": [
    23.29964713151138,
    23.299644952144927
  ],
  "total_poro": 0.3177370013612689
}