{
  "perm": 23.299646041828154,
  "poro": 0.31711831202651514
}