{
  "macro_perm": [
    0.6195386029915207,
    0.6195384670758244
  ],
  "total_perm": [
    0.6195388052817005,
    0.6195386238403394
  ],
  "total_poro": 0.12868569113991477
}