{
  "perm": 0.6195387145610199,
  "poro": 0.12795696185487687
}