{
  "macro_perm": [
    5.925897817171731,
    5.925897241292706
  ],
  "total_perm": [
    5.92589741360113,
    5.925897331698536
  ],
  "total_poro": 0.3263952081853693
}