{
  "perm": 5.925897372649834,
  "poro": 0.32520269176136374
}