{
  "macro_perm": [
    5.582184077121538,
    5.582181103492963
  ],
  "total_perm": [
    5.582183576192047,
    5.582182299142175
  ],
  "total_poro": 0.24895454175544507
}