{
  "perm": 5.582182937667111,
  "poro": 0.24773567027698867
}