{
  "macro_perm": [
    1.612474771590561,
    1.6124728676212037
  ],
  "total_perm": [
    1.6124736276262064,
    1.612474068631112
  ],
  "total_poro": 0.1571044921875
}