{
  "perm": 1.6124738481286593,
  "poro": 0.15583661931818177
}