{
  "macro_perm": [
    11.400112365034966,
    11.40011197659871
  ],
  "total_perm": [
    11.400111892443546,
    11.400111860618157
  ],
  "total_poro": 0.2854568019057765
}