{
  "perm": 11.40011187653085,
  "poro": 0.2842527365944601
}